doc_id,doc_type,compound,cleaned_text,extreme_type,topic
1oh7cqs,post,0.9993,love letter wegovy extremely proud definitely easy much energy confident also take blood pressure medication ago take different blood pressure medication take blood pressure medication bonus lab look great look beautiful want completely transparent honest always huge binger binge eater bad numerous way include limit mentally spiritually emotionally financially eat meal would already eagerly anticipate next meal snack especially night put youngin bed would eat eat eat point stomach would much pain night would throw purpose definitely bulimia instead would throw stuff stomach obviously eat way much even still would continue eat eat real actual hunger food help feel well mask hide emotion everything notice much patient empathetic compassionate also give grace toddler also complete stranger smile time folk reciprocate smile small talk importantly least much well healthy mother strong willed loved much always want active year old toddler lol actively play include chase hide seek run playground zoo etc thing hardly active minute honestly think several different thing lifestyle change daily exercise meal planning loghe chart track everything mynetdiary app well meal prep plus miraculous glorious wegovy last absolute hard food noise start creep back also coincide ovulation follow pcp amazing discuss side effect let know yes lose weight food noise come back vengeance agree next dose far nothing short miracle gor another follow pcp determined lose another least see combine reason happy healthy patience woman smbc solo mother choice lose total lbs september lbs lbs total lbs huge add bonus much pain make feel tremendously well even though lbs far versus even take year old minute walk also take park actively play entire time could play minute park sit typically sit phone rest time park also even though lose lbs see much change physically still wear clothe ago physically feel well energy stamina kind try remind gain weight instantly overnight take year get lbs total amazing honestly never think would get try always attitude gratitude like toddler magically able control emotion outburst tantrum immediately take patience compassion empathy understanding ability recognize unfortunately sometimes life fair betty street eat ginormous ungodly amount food least see yet still weigh high school ugh trigger devastating caution thought remind zero clue behind closed door maybe depressed maybe extremely abusive relationship maybe medical condition wish could gain weight maybe drug burn extra calorie maybe bulimic maybe plastic surgery hand maybe eat omad huge portion full calorie happen see maybe also regardless reason please try remind journey life decision lifestyle choice everything choose consume none business nothing remember never okay comment another woman body unless untill walk mile shoe need mind biscuit life gravy stop compare life journey beautifully uniquely comparison thief joy instead sit lay around bemoan waste life actively participate life long spectator mine year old live instead active willing participant mine toddler live track log everything include water mynetdiary app use free version awesome also enter food meal drink eat drink way able stick less calorie add remove consume also bar code scanner use also free easily see nutrient fact include serve size etc also add step per exercise sleep medication etc free bother pay free version work well get strong beautiful brave weight loss warrior queen love south alabama,most_positive,0
j9i8ag,post,0.9993,general guide need start weight loss journey answer question people put volume attempt edit thank award much appreciate also add quote diet meet think would cool add edit remove intro since original guide pin anymore save lot extra reading skip text thank award give much appreciate disclaimer end bloke internet bias opinion knowledge perfect ability write dietician tell food eat advise calorie intake macro intake want food plan advise see dietician register govern body lot nutritionist claim dietician also doubt health preexist medical condition injury need see doctor first also exercise put suggestion check form sure form exercise research film see wrong lot sub reddit submit video check form get friendly advice general guide need start weight loss journey answer question people put attempt key note wanna read healthy calorie deficit applicable activity want lose weight scale end weight loss work tdee calorie realistic activity less distance walk travel move around sedentary lifestyle keep mind say much workout scale end weight loss time night eat matter scale end weight loss take body measurement photo journal must one photo underwear one outfit sometimes critical eye see actually change outfit scale end weight loss exercise lose weight help hell lot scale end weight loss move whatever exercise regularly good exercise aware yoga everyday win burn crossfit class scale end weight loss process take long time consistent effort expect change scale end weight loss measure gravity ground factor change body composition far important end goal weight bad thing gospel well far long wind stuff calorie lose weight simple principle energy expenditure must expend consume simple calorie deficit correctly lose weight even suffer something like pco work sometimes notice client work slow excuse work adult recommend calorie deficit maintenance calorie year old recommend calorie still grow small deficit well increase kid physical activity lot time need child deficit add slow weight loss usually sign good weight loss good habit ingrain life healthy calorie deficit average person calorie deficit pretty pointless usually sustainable exception doctor recommendation bodybuilder morbidly obese may likely need big deficit calorie normally eat would advise calculate calorie maintenance compare calorie eat far bring maintenance calorie first adapt healthy level calorie add deficit well typically people help eat excess calorie plus eat maintain current weight calculate calorie recommend calculator perfect calculator job reliably enough one recommend total daily energy expenditure tdee estimation many calorie burn per exercise take account calculate first figure basal metabolic rate bmr basically calorie body require function healthily multiply value activity multiplier since bmr represent many calorie body burn rest necessary adjust number upwards account calorie burn true even sedentary lifestyle freak high expect remember slow steady weight loss good choose activity level personal belief teach travel cover foot walk format exercise general activity sedentary cover distance drop activity one level may workout time heavy exercise sit butt office job moderate exercise choice probably wise calculation info put accurate mind able put body fat percentage calorie suggestion accurate preferred method measure body fat like point calip test need someone know accurate even know properly variable even still recommend bio electrical impedance vary widely depend body shape think pear shaped people hydration take fitbit aria massive pinch salt wait every see mate know point test worry much figure body fat percentage though general body composition along important whether change well kid worry measure unless doctor request aware specifically use calculator workout tdee follow fitness tracker tdee take daily life exercise equation add exercise calorie allowance already keep tdee tracker also aware lose weight need check tdee lose enough need work tdee aware weight loss slow plateaus track eat main two app website myfitnesspal loseit good regularly correct update personally use myfitnessspal quite simple log eat preferably time eat remember properly food prep mean everything include biscuit one work college offer pass also aware log liquid calorie well drink lot smoothie cordial fruit juice soda coffee milk sugar still calorie especially like latte make sure log well many time eat well liquid ruin progress genuinely past client change nothing food apart drop drink apart water lose please look everything conjunction use one app need good set scale preferably digital opinion accurately put eat high chance eat proper deficit accurately log eat ever say accurate diet study show time time people underestimate eat greatly would trust portion size packaging well time match put packet example plain wrap could say wrap calorie packaging end serve calorie lot difference calorie build multiple meal easily meal calorie difference real change especially plan deficit calorie community say track food cause eat disorder realistic truth keep track eat way reasonable accuracy chance overeat lose weight fault diet culture anything like responsibility pretty sensible diet work get used know inside start eyeball portion one want stick scale time cook forever recommend high volume low calorie food object use know within reasonable amount accuracy amount tiny measure jug portion rice pasta know level right uncooked also admittedly allow inaccuracy diet assumption eyeballing always overestimate cover stop disappointment diet iterate enough one sustain good diet honestly matter follow slimmer world keto intermittent fasting kinda one anything thing else like say deficit lose weight healthy balanced diet preferable wholly necessary come lose weight recommend personally think good thing food calorie work use macro break breakdown much protein fat carb eat app track add seem overly complicated feel much bother think good idea especially try form exercise tone physique would protein fat carb break protein fat help feel full long generally satisfied eat protein also help keep muscle mass lose weight bit bro science also kinda true especially exercise regularly part make sure eat quota protein worry much break fat carb long hit calorie goal admittedly though always feel satisfied keep macro break state use fast hour feed hour girlfriend little one really work well though quite often eat eat vegetarian tell never one another story like able sit eat chat dinner table instead sit like pleb away sofa typically small lunch biggish evening meal snack little rough version intermittent fasting work dietitian meet cool chat say add guide clear thing could tell eat eat kinda job end make food plan put calorie plan lose weight maintain weight gain weight depend medically need deal lot nhs work perfect world tell never eat bacon pretty bad king delicious know eat like eat slice win kill little everything fine excess anything bad stop complicate eat meat veggie fruit nut fat carbs protein junk lot one thing stay hydrated many time people moan hungry dam time dehydrate know eat calorie bracket macro recipe help fairly good choose amount meal want well snack come idea well even let get rid food like mushroom choose diet plan like keto etc help much possible far aware still free dietician say eat please ask government body register dietician something like otherwise link pretty good review peer old client scale weight loss measurement scale end weight loss really good guide help show downward trend dictate success failure well scale equipment measure relation earth gravity forever make cry sleep use pinch salt please beg aim lose certain amount aim lose accept temporary measure lifestyle change take long time accept plan long term screw beach body ready crap along scale recommend take photo underwear also photo one particular outfit well take body measurement tape measure youtube old cheesy explain use tape measure pretty well ignore caliper section pretty naff regular take measurement would recommend scale take photo underwear time stand scale repeatedly throughout find weight fluctuate much hour take measurement tape measure photo select outfit would recommend take every try always keep interval consistency lady natural cycle affect weight greatly probably already know try forget scale mess around bit explain well male like leave lady read another trainer respect speed weight loss unfortunate truth weight loss fast good time plateaus often strap long haul loss sometimes even barely register scale remember still downward trend matter small thing plateaue freak breathe look plateau look past measurement photo see change especially beginning look well eat accurately track eat common issue eyeballing skill regular food eat physical activity drop late life work get way sometimes need evaluate tdee temporally activity low one good cause plateau since lose weight tdee drop common reason lose weight tdee drop normal weight loss fluid thing calorie aware adapt necessary exercise honest exercise enjoy regularly important thing exercise enjoy time win keep simple aware yoga win burn much crossfit class stuck idea simple circuit require lot space would advise make sure warm exercise recommend follow one quick easy get job recommend darebee workout idea general ever stick follow workout pretty simple follow format try circuit min rest circuit matter couple circuit start workout exercise rep squat reverse lunge press tricep dip chair similar stable object jump squat plank hold sec workout exercise rep walk lunge jump squat step press sprint spot secs crunch workout exercise rep burpee try include press plank sec press squat bicycle crunch jump lunge workout one bit hard rest see challenge exercise rep burpee press jump squat tricep dip chair similar stable object walking lunge sprint spot sec exercise please look properly make sure know properly afraid make exercise easy hard need workout make sure cool stretch properly enough cover muscle group supplement long story short need protein powder help get protein quota good multi vit keep fat burner fat metabolizor fat remover crap say help burn fat chance waste money well spend elsewhere come supplement much say honest think need much unless train something specific bother look unless trainer use personally advise otherwise ask nutrition supplement reddit info ouff well lot text hope well old one explain thing bit clearly grammar spelling awful probably dyslexia english mix lol thank much could manage drag far terrible writing skill hope help,most_positive,0
nll9mbz,comment,0.9991,copy paste comment use whole host new people question particularly read dose guideline might thing help well general comment first time user starter people look advice hope help congratulation take big first step remember whole process marathon sprint offer advice help journey give countless people time group time ozempic wegovy first expect miracle result overnight everyone timeline result people see result overnight people see result high next recommend dose guideline ozempic minimum dose accord official ozempic website information strongly recommend increase time etc find click chart online specific pen size customize dose example increment dosing pen click stay dose minimum dose still give good result stay dose fill two guideline maximize overall effectiveness ozempic time well minimize potential side effect increase next dose current one lose effectiveness need follow titration schedule risk serious side effect schedule exist first place also injection usually belly people thigh make sure pinch skin good amount fatty tissue inject area hold needle injection finish click extra count least second make sure medication dispense thirdly figure bmr tdee google calculator online give right amount calorie safely consume order lose weight still get adequate nutrition calorie need survive also need track food keep count calorie eat stay range recommend find good app like personally favorite loseit many great option track food stay calorie deficit key success try prioritize protein fiber much within meal lot great creative way add diet feel like eat protein shake great way get calorie protein always powder premade find fairlife premier protein good far powder find good thing get trial size one figure one like like well buy whole bag drink lot water emphasize enough need drink much reasonably ozempic dehydrate water essential weight loss excretion fat leave body remember add thing like crystal lite mio lemon whatever else need order make water easy drink make count less water count also buy water bottle absolutely love help trick brain want body measurement time feel like scale move measure tape grateful also take picture something wish might hate look happy something compare later number one side effect people constipation diarrhea less common increase fiber intake help significantly personally really enjoy bran milk honey morning get hand remedy like restorlax etc help end diarrhea something like imodium help meditation cause diarrhea cancel offer lately another big side effect nausea ginger chew tea supplement help peppermint tea protein fiber bed give stomach something chew night gravol dramamine get really bad doctor prescribe hefty anti nausea med like zofran another common side effect hair loss happen decrease nutritional intake well rapid weight loss increase protein intake well supplemental help help nip bud work increase protein add biotin supplement yes sound crazy prenatal vitamin work hair almost back normal still lose probably miss something add edit line feel free ask question ozempic wegovy year drop stat underneath welcome congratulation height age october lbs,most_positive,0
n2jzavc,comment,-0.9961,cause muscle loss lose weight cause muscle loss lose weight increase suicidal ideation study study suicidal ideation one find perfective certain type people issue read mislead information dig deep denmark study adult cohort show reduction suicidal ideation sure continue think study warn double check lot depression past also doctor tell possible side effect first come per study break confound factor find instance people reduction incident compare people obesity medicine reduce recurrence suicidal ideation think want focus grieve also vice friend stop stop vice especially drug alcohol link increase suicide continue vice also link increase morbidity many thing include suicide treat lot thing treatment without risk non treatment either sorry happen suck lose someone awful especially way say get want doctor stop prescribe people read misleading article take year later die cardiovascular event preventable take drug commit suicide part untreated illness actually help someone effect mental health think need heal know people die leave note write whatever recent intrusive thought note really know struggle realize issue untreated intrusive thought issue untreated mental physical health issue abuse though something like suicide people past experience mental health issue think well grieve think get something would helpful,most_negative,0
hv28x7c,comment,-0.9944,warning people fibromyalgia take wegovy tirade wegovy drug lower blood sugar significantly dose start get bad muscle tension cramp spasm everywhere learn people normal blood sugar lose weight drug fibro constant low blood sugar cause muscle awful diabete want diabete constant low blood sugar level cause problem fibromyalgia jealous daily misery combat little sugar good diet fibro stay small dose worth daily fibromyalgia flare muscle tension knot spasm usually anyway fibro add wegovy friend every symptom already suffer skyrocket get high dose system take painkiller hate anyway eat sugar weird recover lyme disease sugar forbid level low terrible pain raise blood sugar try eat dry fruit fibro patient stay low dose wegovy worth believe mention cascade side effect dose heart palpation breathing issue dizzy vomiting nausea pain tired depressed anxiety low dose back want regain pound lose care lose careful use drug especially fibromyalgia,most_negative,0
mnijcdw,comment,-0.9931,may die complication diabetes likely stem liver transplant mean med take anti rejection med steroid cause diabete control turn cause death liver transplant cause liver transplant fail medication take hell even sick cause blood sugar drop spike may able get control pass away diabete alone kill liver transplant guarantee would fine right say warning die ultimate fear monger poor girl poor health,most_negative,0
m7q8lz2,comment,0.9867,small business owner essential anticipate trend adapt quickly stay connected customer base blame single factor like ozempic closure wine bar overlook broad responsibility remain flexible innovative ever change market consumer preference habit always shift whether due health trend economic change cultural shift successful small business owner analyze trend identify opportunity pivot need example notice grow interest wellness might introduce non alcoholic option craft mocktail even expand healthy food pairing key survive thriving stay proactive reactive small business owner stay customer centric regularly engage customer understand evolving preference feedback invaluable diversify offering avoid reliance one product trend broaden menu service experience appeal wide audience monitor trend pay attention market trend local national global adjust business strategy accordingly focus experience industry like hospitality product atmosphere connection create customer market effectively promote unique selling point educate customer value bring beyond obvious adapt always easy critical business thrive see change threat opportunity evolve,most_positive,2
l1rvouy,comment,0.985,agree certain point government become large customer beneficiary happen stage would think need consideration give good exchequer probably get point super natural profit earn government large customer flex muscle additionally health insurance cost incredibly high cover incredibly high drug cost case wonder element collusion drug company insurance company great example government intervention good public interest hugely favour less government rule area stick beak imho,most_positive,2
m860cvs,comment,0.9844,read somewhere insurance company often win cover unless diabete expensive medication produce health insurance company see long term benefit weight loss use drug like ozempic win approve unless type diabetic type diabetic get medication therefore unless willing able spend whatever screw messed health risk think minimal benefit far outweigh semaglutide actually good heart kidney organ weigh less good joint heart get insurance company asshole digress great job get want help medication,most_positive,2
jjwqz0h,comment,-0.9619,wegovy drug approve fda probably know probably also know insurance typically pay wegovy might pay ozempic criticism people take drug lose weight instead control type diabete perhaps address concern fda doctor prescribe label business use ozempic type diabete weight loss currently prediabete level treatment apologize comment hurtful please realize comment also hurtful people unkind say nasty thing people use drug weight loss personally agree misgiving use ozempic way express thought without jerk word nothing support add anything useful conversation thread unnecessary serve purpose bring sad take much time say something kind supportive nasty mean,most_negative,2
jpnfcob,comment,-0.9403,use word like cheat people break arm cheat use cast heal person cancer use chemotherapy cheat seek medical treatment pregnant woman get epidural give birth somehow cheat lord help toxic ass people,most_negative,2
mpfagy5,comment,-0.9275,ready downvote reddit decide mean ask sub ask random street understand want sub spread misinformation young body mind keep away stuff nothing stop kid google wikipedia ing find info elsewhere internet upvote downvote vet information country obesity problem put safeguard information porn cesspool remain open feel dumb mean teen ask safe sex drug targeted issue people reddit would chime scream wear condom drug also fact caloric deficit lead weight loss true eat anything lead death fear country usa country fail turn away interested lose currently,most_negative,2
1h1alkf,post,0.9979,ozempic year pic good morning happy early thanksgiving want share success open dialogue share celebrate victory well love see love accept wonderful community thank truly ozempic jan sept since stop keep diet eat moderation light exercise happy report weight continue drop honestly disbelief keep expect randomly gain back wake dream lol wfh huge need replace clothe however extended vacation holiday quickly realize three pair jean fit actually fit well thrift shopping expect one pant size two fit size expect still see big seem wrap head around change size body honestly blessed thankful ozempic quite literally save life ozempic cure still take hard work dedication want improve quality life take lot motivation discipline get result ozempic push body need able grateful,most_positive,4
kvh3a2c,comment,0.9972,firstly want acknowledge courage reach determination make positive change life important remember weight loss journey incredibly personal unique individual work someone else might work okay say one crucial aspect successful weight loss find truly motivate within desire skinny part essential cultivate deep understanding want lose weight focus healthy improve overall quality life boost confidence allow engage fully activity enjoy practical tip consider start small break goal manageable step celebrate achievement along way reestablish consistent gym routine even powerful first step additionally prioritize nutritious whole food diet try find enjoyable form physical activity look forward remember setback natural part journey kind practice self compassion navigate process surround supportive friend family even online community offer encouragement accountability ultimately important thing believe ability make positive change strength resilience overcome challenge confident achieve goal dedication persistence,most_positive,4
km48dx,post,0.9967,let tell lose weight tired cute big girl want attractive try many time get weight never work never stick figure hard discipline fast fix like liposuction tummy tuck know exercise reach goal realize try reach goal appease people know like food take process slow pace beat drum first start wear clothe size bad habit buy small clothing like would magically make look small world get rid polka dot strip black garment wear appear thin buy clothing think cute feel comfortable wear clothing pull tug make fit secret big girl need embrace change period tackle insecurity hate arm passion fat would swing wave people afar wear sleeveless shirt barely wear shirt self conscious wing use joke tell people red bull give wing lol know know wing smh one morning wake brush tooth stare naked mirror tell fuck love flap wing like bird kiss look post baby droopy stomach caress tell stomach beautiful stretch mark child autograph name bacon egg cheese stretch mark remind bacon odd reason make people laugh till comfortable look thigh grab yell cell like mirror make laugh think always unless choose change still mirror ritual come ride bus extremely hungry feel stomach back conversation get bus opportunity get food new fuck love want food want feel bloated uncomfortable full cute ass outfit remember think omg actually think cute today really feel good much feel good hamburger soooo proud determined feel good everyday start experiment food portion see small portion could eat still satisfied pay attention food eat effect body food cause bloat heavy menstrual greasy food etc weight loss journey begin find exercise bore make play list favorite twerke song dance till drench sweat sweep instead vacuuming use stair instead elevator take stair two time curl gallon milk wait check grocery store squat pick toy leave living room floor run get mail run back start small change start see big soon start feel cute lot thing like eat unhealthy food would ruin work feel people never interested sudden lose weight like way people encouraging people feel good stay stuck past get place feel good enough stay disciplined stick goal love diet work,most_positive,4
14d28kb,post,-0.9913,since ozempic news healthy people somehow piss listen update expect blow glad get many people want say want correct one thing life style change focus lot relationship food plateaue hard endocrinologist help fix testosterone get ozempic help break plateau able maintain current weight minimal effort max hover thank ozempic drop fast people tell stop lose weight look haggard exact people spend whole life tell lose weight fuck even family people treat differently insanely infuriate person reality whatever reason obesity easy boogeyman cure simple right eat less move fucking clue inner working disease affect fucking cellular level ozempic novelty drug restrict people never able lose weight successfully suddenly covid change life get old maybe fuck semaglutide drug finally address obesity multi prong attack wreck cns cvs risky titrate properly unlucky one specific form thyroid cancer besides good make lifestyle change help mental health professional weight work much well long run either way regardless ozempic study prove people get semaglutide put back baseline amount weight spend half fucking life odd lbs big fucking deal sorry lot anger people get fucking moral failure fucking disease mean control blood pressure reduce stress calm work right heart problem chilllax boi bring heart rate fuck stupid stupid thank asshole use lose lbs get shitty middle aged suburbia cocktail party fit shit suit dress guess choice make physiological psychological force play barely even understand yet future laugh usual like treat substance use disorder like crime fucking stupid tldr fuck ozempic save life make huge amount people finally beat disease grow rapidly devastating consequence long run odd lbs lose yet still stick odd lbs bullshit fuck unless carry weight live lose shut fuck much love guy bug much,most_negative,4
nll5oj6,comment,-0.9853,motivation pure spite spite people think lose weight pco spite pharmaceutical company try sell think lose weight without lbs naturally spite people really believe genetically predispose fat obesity run family deep south lbs normal bmi spite people use mental health trauma excuse lose weight ptsd anxiety depression seizure neurological deficit result traumatic brain injury spite girl bring know goal weight due height physically achieve halfway already skinny one lolz literally anybody else every reason still,most_negative,4
1fh0udy,post,-0.9796,think starve little little hard lose weight feel like gain weight super fast lose gain weight every year eat normal rarely eat fast food drink soda understand think try ozempic wegovy everyone discourage say could bad circumstance family get gain weight tell lose weight lose friend comment arm get big need start lift weight try try weight training high protein diet work come point decide starve little everyday look mirror absolutely disgusted hip dip make want puke low belly fat make want puke back fat make hate cellulose leg make shameful baby shower scared people see year think even think liposuction people say waste hate shop find clothe either fit make shape look weird context currently bust waist hip,most_negative,4
1ffc1dh,post,0.9994,lose lbs food eat lose picture allow sub want see body transformation post cico thing start heavily practice cico opinion cico law need treat objective truth food eat help limit caloric intake win see fruit vegetable list feel like obvious enough fruit vegetable fantastic eat enough try pick food outside obvious additional context old male start journey calorie goal eat around calorie consistently adjust lose weight sit dannon light fit nonfat vanilla greek yogurt kashi cinnamon crisp cereal eat thing together nearly daily yogurt calorie per protein cereal calorie per protein make bowl serving yogurt cereal total calorie protein potatoe sweet potato personal favorite eat gold red purple russet white fine well like well potato one satiate food planet mean eat little feel incredibly full also rich vitamin potassium fiber eat skin would cut cube drizzle lightly oil season roast oven minute depend many cookie sheet regardless whatever potato use safely assume every trader joe shawarma chicken thigh personal favorite dinner tender flavorful come pre seasoned pre marinated toss oven grill enjoy cal chicken usually decent enough serve calorie high sodium get good sweat next workout good pork tenderloin personal favorite macro incredible specific brand love generally buy pre marinated one smithfield trader joe aldi jewel osco depend flavor generally calorie per pork protein typically dinner eat pork calorie would get protein chicken thigh high sodium make sure get good sweat occasionally zero calorie zero sugar soda water flavoring dude tell chug definitely try drink much plain water possible cut okay something like crystal light add fruit punch flavoring water diet soda fine people tell diet soda bad regular soda fuck end weight loss game calorie diet soda calorie people usually get trouble drink diet soda might make want food manage golden jimmy john eat much jimmy john might new jared subway minus kid diddling jimmy john lobby office building sandwich get lunch regular turkey tom white mayonnaise add cucumber extra jimmy pepper extra onion extra pickle extra mustard oil vinegar oregano basil total calorie want hearty sandwich thing regular bootlegger club white mayonnaise add cucumber extra jimmy pepper extra onion extra pickle extra mustard oil vinegar oregano basil total calorie main difference bootlegger meat scoop bread turkey tom fat free cottage cheese like greek yogurt cottage cheese cheat code come macros would still eat directly tub spoon taste texture cottage cheese greatly vary advice find brand like good calorie count protein stick personal favorite jewel osco house brand lucerne farm calorie per protein also like trader joe fat free cottage cheese quaker rice crisp stuff list substantial food sometimes wanna snack like one look guilty free snack depend flavor pick apple cinnamon caramel cheddar personal favorite generally calorie serve serving bag eat whole bag calorie really good value imo whenever want gorge quaker normal rice cake also good value calorie cake think crisp well taste chip like well satisfy snack feeling outshine sugar add popsicle good diet popsicle hand outshine make popsicle real fruit juice expensive value brand sugar free popsicle worth imo outshine popsicle calorie insane value number time sit bed watch eat popsicle popsicle artificial sweetener tendency make people gassy definitely get gassy take fart calorie sugar free lite condiment dressing people often shocked learn many calorie sauce dressing opt lot sugar free lite option favorite sweet baby ray sugar add bbq sauce flavor ray good job imo make sugar free bbq sauce still thick close original flavor hughe sauce marinade sugar free usually calorie per tablespoon kraft lite dressings raspberry balsamic vinaigrette favorite cal per tablespoon hope list help form fashion big thing good stay disciplined discipline beat motivation motivation tired change win happen overnight many night work hard stay happen way happen happy answer additional question time,most_positive,3
ncmov5i,comment,0.9983,care much great start endocrinologist medicare probably need see plan pay get see endo get onto medication help manage glucose response could helpful put mounjaro something similar cover might able control level eat carb without drug might also find see doctor doctor prescribe certain diet make easy wife give healthy food say sorry doctor say deflection two fil spend first couple mad need eat vegetable lot people mitigate spike eat food order high fiber veggie first protein something carb slow digesting start dinner salad always good way get fiber eat anything else sound like might need bargaining like would kid yes corn eat salad meat budget allow would suggest try dish low carb mean low total carb net carb game really work sauce condiment surprising example many carb regular ketchup make sub carb friendly option help least limit fil ingest brand like different thing hughe kind sauce get fil stir fry include excellent honey mustard sauce also double nicely amazing salad dressing plus bbq teriyaki stir fry sauce lot thing put chicken dress protein also like baby ray sugar free sauce bbq honey mustard wicked snack baked good look simple mill item make almond flour mix muffin banana bread low glycemic index like nice salad bowl homemade soup pumpkin spice muffin sound diety fil make snack bar cookie well find many walmart decent selection walmart vary might take trip different store area roam aisle find diabetic option good alternative ketchup like heinz sugar add hughe one well huge ketchup fan carb per serve carb esp usually serving significant difference meal keto sauce also usually good option diabetic watch net carb funny math much fruit spike diabetic really helpful get cgm back enough finger stick meal figure thing spike interesting note many eat portion ice cream without spike high fat content usually help exercise front strong proponent recumbent bike esp old folk comfortable mean excuse get meal rain darkness snow heat wildfire smoke none matter handy bike ipad nearby entertainment marcy inexpensive effective interested model recommendation get fil bike walk even min meal esp dinner help,most_positive,3
1kmg7o1,post,0.9963,happy ago diabetic distress eat whatever want close remission one get disease take metformin need share fucking proud edit people ask get reddit let respond try type hello late response cause get overwhelmed lol want share still walk every meal actually usually real put show youtube video walk back forth play minute allow sit also try walk every single though least hour try hit step many unless really sick something allow step per bulk exercise also gym occasionally work way anxiety thing like weight minute cardio bike elliptical time home weight use couple time thing like bicep curl hammer curl lateral raise room also dance frequently bore nothing serious lol literally put music little boogie room also count clean exercise deep clean bathroom kitchen quite workout food consider modify version keto main nutrition goal get fibre protein worry much fat come balanced varied source eat lot bacon even though fit keto diet well carb come form vegetable head call high pro file diet lol look dinner plate goal half two third high fibre vegetable one half one third protein fat use medium sized dinner plate lunch breakfast supplement snack throughout breakfast vary base previous eat feel need start common meal include bunless hot dog look nutrition label carb though brand surprisingly high serve sauerkraut mustard pot roast chicken thigh marinate yogurt spice roast oven cruciferous vegetable primarily broccoli brussel sprout roast olive oil spice low sugar yogurt berry sandwich make carbonaut bread trust brand also slice quesadilla make low carb tortillas brand result vary something like make half moon instead full moon serve side veggie non breaded buffalo wing veggie blue ranch whole bunch something like chicken wing veggie usually would see lot wing veggie plate restaurant swap around match plate rule lot easy way make food love diabetes safe grow eat cabbage roll typically carb heavy rice tomato sauce sometimes add sugar people might choose replace something like cauli rice honestly like water content add usually omit rice altogether find recipe work low carb way take trial error sometimes almost always way snacky person always one issue snack allow little restriction olive pickle boil egg devil egg veggie dip sure pick low carb one ofc one restriction still great way beef jerky meat stick always double check nutrition label carb nut ofc good also super high calorie low sugar yogurt cup low sugar sugar cheese string category instead low restriction one eat entire bag one sitting also cheat snack real cheat log way head help avoid actually cheat diet allow unless period point allow one sanity everyone around lol primarily sugar add chocolate bar sugar add gummie sugar add ice cream quest chip sometimes really need fill junk void always check nutrition label ingredient sneaky carb sometimes also want keep eye certain sweetener primarily malitol anything end ulose make poop pantaloon careful ofc also need live life certain food allow actually cheat treat every holiday time exception birthday halloween christmas little crazy movie theatre always allow bit popcorn also real cheat learn lot worth exception course generally strict family mcdonald long drive get dang mcdouble count towards monthly cheat really want long happen frequently okay get torture nothing diet coke car everyone around eat mcnugget quarter pounder note restaurant usually actually hard lot place non breaded wing buffalo sauce sell burger let get bun ask salad try get one mayo yogurt base dress rather something like vinaigrette avoid dry fruit place really struggle italian restaurant thing like chinese takeout ayce sushi great option like raw fish usually dinner lunch often sashimi food avoid pasta pastry sweet rice noodle potato etc even allow eat carb cheat meal usually include time rather good fry chicken sandwich break diet family close friend dinner order one though might ask single bite try food nearly fully restrict pasta suck love pasta lol people eat plate usually like serving even one actual serve spike high stay pee night worth would break rule two thing incredibly high quality fresh pasta really good baked mac cheese part specific spike might spike someone else think gist kind long response lol usually live life,most_positive,3
lj1d4uh,comment,-0.9686,take briefly right state slow metabolism severely restrict calorie also still eat carbs sugar eat carbs sugar raise insulin prevent body fat use energy calorie body fat nothing use energy body slow metabolism require less keep alive need wegovy stop hunger put ketosis get ketosis naturally instead severely cut back carb sugar increase fat protein vegetable healthy fat unhealthy fat unhealthy fat seed oil ultra process food restaurant cook etc canola oil sunflower oil vegetable oil stop eat product contain oil unstable heat manufacturing cooking lead high cholesterol associate damage healthy extra virgin olive oil avocado oil ghee butter full fat greek yogurt whole millk cheese cheese string actual cheese like cheddar pregrate either avocado salmon mackerel start eat protein chicken lamb beef egg etc also eat fat stable inflammatory fat also improve cholesterol apart one ldl problem people unhealthy get high ldl damage fat high ldl non damaging fat also mobilise body fat energy,most_negative,3
nlaaon4,comment,-0.9517,start find sedentary tdee eat maintenance every subtract calorie daily limit calorie deficit stay calorie deficit remainder diet process try burn calorie cardio walk recommend minimum step count make easy cut process food completely try mainly eat whole food single ingredient portion cronometer good calorie tracking app consitancy cheat meal ruin entire accidentally mess blow diet get wagon continue plan eventually get tired restart lose pound year like lose pound pound add need lifestyle change weight loss side effect,most_negative,3
nlaapbu,comment,-0.9517,start find sedentary tdee eat maintenance every subtract calorie daily limit calorie deficit stay calorie deficit remainder diet process try burn calorie cardio walk recommend minimum step count make easy cut process food completely try mainly eat whole food single ingredient portion cronometer good calorie tracking app consitancy cheat meal ruin entire accidentally mess blow diet get wagon continue plan eventually get tired restart lose pound year like lose pound pound add need lifestyle change weight loss side effect,most_negative,3
logdg3t,comment,0.9442,wow great progress could share diet exercise routine detect haikus sometimes successfully learn opt reply haikusbot opt delete comment haikusbot delete,most_positive,1
lnbeqn1,comment,0.9393,happy amazing look beautiful congrat detect haikus sometimes successfully learn opt reply haikusbot opt delete comment haikusbot delete,most_positive,1
lgos1vt,comment,0.9001,congratulation journey thank motivation detect haikus sometimes successfully learn opt reply haikusbot opt delete comment haikusbot delete,most_positive,1
lhzyt3d,comment,-0.926,mod team find comment appear bully harassment continue violation rule may result additional action include ban,most_negative,1
lhzytx2,comment,-0.926,mod team find comment appear bully harassment continue violation rule may result additional action include ban,most_negative,1
mnqritx,comment,-0.926,mod team find comment appear bully harassment continue violation rule may result additional action include ban,most_negative,1
